科目编码,科目名称,English,会计要素,余额方向,上级编码,层级,现金科目,银行科目,现金等价物,期末调汇,外币核算类型,数量核算,系统预置,预置核算维度
1001,库存现金,Cash on Hand,流动资产,借,,1,是,否,否,是,核算所有币种,否,是,现金账户(必录)
1002,银行存款,Bank Deposit,流动资产,借,,1,否,是,否,是,核算所有币种,否,是,银行(必录);银行账户(必录)
1012,其他货币资金,Other Cash and Cash Equivalents,流动资产,借,,1,否,否,是,是,核算所有币种,否,是,
1101,交易性金融资产,Trading Financial Assets,流动资产,借,,1,否,否,否,是,核算所有币种,否,是,
1121,应收票据,Bills of Exchange Receivable,流动资产,借,,1,否,否,否,是,核算所有币种,否,是,客户(选填)
1122,应收账款,Accounts Receivable,流动资产,借,,1,否,否,否,是,核算所有币种,否,是,
1122.01,明细应收款,Accounts Receivable Details,流动资产,借,1122,2,否,否,否,是,核算所有币种,否,是,客户(必录)
1122.02,暂估应收款,Accrued Receivable,流动资产,借,1122,2,否,否,否,是,核算所有币种,否,是,客户(必录)
1123,预付账款,Prepayment,流动资产,借,,1,否,否,否,是,核算所有币种,否,是,供应商(必录)
1131,应收股利,Dividends Receivable,流动资产,借,,1,否,否,否,是,核算所有币种,否,是,
1132,应收利息,Interest Receivable,流动资产,借,,1,否,否,否,是,核算所有币种,否,是,
1221,其他应收款,Other Receivables,流动资产,借,,1,否,否,否,是,核算所有币种,否,是,
1221.01,客户往来,Customer Transaction,流动资产,借,1221,2,否,否,否,是,核算所有币种,否,是,客户(必录)
1221.02,供应商往来,Supplier Accounts Transaction,流动资产,借,1221,2,否,否,否,是,核算所有币种,否,是,供应商(必录)
1221.03,员工往来,Employee Transaction,流动资产,借,1221,2,否,否,否,是,核算所有币种,否,是,员工(必录)
1221.04.01,统收款,Unified Collection,流动资产,借,1221.04,3,否,否,否,是,核算所有币种,否,是,组织机构(必录)
1221.04,统收款,Unified Collection,流动资产,借,1221,2,否,否,否,是,核算所有币种,否,是,组织机构(必录)
1221.99,其他,,流动资产,借,1221,2,否,否,否,是,核算所有币种,否,否,
1231,坏账准备,Bad Debt Provision,流动资产,贷,,1,否,否,否,否,不核算外币,否,是,
1321,代理业务资产,Asset in Proxy Business,流动资产,借,,1,否,否,否,否,不核算外币,否,是,
1401,材料采购,Material Purchase,流动资产,借,,1,否,否,否,否,不核算外币,否,是,
1402,在途物资,Materials in Transit,流动资产,借,,1,否,否,否,否,不核算外币,否,是,
1403,原材料,Raw Materials,流动资产,借,,1,否,否,否,否,不核算外币,否,是,
1404,材料成本差异,Material Cost Variance,流动资产,借,,1,否,否,否,否,不核算外币,否,是,
1405,库存商品,Finished Goods Inventory,流动资产,借,,1,否,否,否,否,不核算外币,否,是,
1406,发出商品,Shipped Products,流动资产,借,,1,否,否,否,否,不核算外币,否,是,
1407,商品进销差价,Difference Between Product Purchase and Sale Prices,流动资产,借,,1,否,否,否,否,不核算外币,否,是,
1408,委托加工物资,Materials for Delegated Processing,流动资产,借,,1,否,否,否,否,不核算外币,否,是,
1411,周转材料,Turnover Material,流动资产,借,,1,否,否,否,否,不核算外币,否,是,
1462,合同资产,Contractual Assets,流动资产,借,,1,否,否,否,是,核算所有币种,否,是,客户(必录)
1463,合同资产减值准备,Loss Allowance for Contract Assets,流动资产,借,,1,否,否,否,否,不核算外币,否,是,
1464,合同履约成本,Contract Fulfillment Cost,流动资产,借,,1,否,否,否,否,不核算外币,否,是,
1465,合同履约成本减值准备,Allowance for Impairment of Contract Fulfillment Cost,流动资产,借,,1,否,否,否,否,不核算外币,否,是,
1466,合同取得成本,Contract Acquisition Cost,流动资产,借,,1,否,否,否,否,不核算外币,否,是,
1467,合同取得成本减值准备,Allowance for Impairment of Contract Acquisition Cost,流动资产,借,,1,否,否,否,否,不核算外币,否,是,
1471,存货跌价准备,Inventory Write-Down Provision,流动资产,贷,,1,否,否,否,否,不核算外币,否,是,
1481,持有待售资产,Assets Held for Sale,流动资产,借,,1,否,否,否,否,不核算外币,否,是,
1482,持有待售资产减值准备,Impairment Allowance for Assets Held for Sale,流动资产,贷,,1,否,否,否,否,不核算外币,否,是,
1485,应收退货成本,Return Cost Receivable,流动资产,借,,1,否,否,否,否,不核算外币,否,是,
1501,债权投资,Financial Assets at Amortized Cost,非流动资产,借,,1,否,否,否,是,核算所有币种,否,是,
1502,债权投资减值准备,Allowance for Impairment of Financial Assets at Amortized Cost,非流动资产,贷,,1,否,否,否,否,不核算外币,否,是,
1503,其他债权投资,Financial Assets at FVOCI,非流动资产,借,,1,否,否,否,是,核算所有币种,否,是,
1504,其他权益工具投资,Investment in Other Equity Instruments,非流动资产,借,,1,否,否,否,是,核算所有币种,否,是,
1511,长期股权投资,Long-Term Equity Investments,非流动资产,借,,1,否,否,否,是,核算所有币种,否,是,组织机构(选填)
1512,长期股权投资减值准备,Allowance for Impairment of Long-Term Equity Investment,非流动资产,贷,,1,否,否,否,否,不核算外币,否,是,
1521,投资性房地产,Investment Property,非流动资产,借,,1,否,否,否,是,核算所有币种,否,是,
1531,长期应收款,Long-Term AR,非流动资产,借,,1,否,否,否,是,核算所有币种,否,是,
1532,未实现融资收益,Unrealized Financing Income,非流动资产,借,,1,否,否,否,是,核算所有币种,否,是,
1601,固定资产,Fixed Assets,非流动资产,借,,1,否,否,否,否,不核算外币,否,是,资产类别(必录)
1602,累计折旧,Accumulated Depreciation,非流动资产,贷,,1,否,否,否,否,不核算外币,否,是,资产类别(必录)
1603,固定资产减值准备,Impairment Allowance for Fixed Assets,非流动资产,贷,,1,否,否,否,否,不核算外币,否,是,
1604,在建工程,Construction In Progress,非流动资产,借,,1,否,否,否,否,不核算外币,否,是,
1605,工程物资,Engineering Materials,非流动资产,借,,1,否,否,否,否,不核算外币,否,是,
1606,固定资产清理,Fixed Asset Disposal,非流动资产,借,,1,否,否,否,否,不核算外币,否,是,
1621,生产性生物资产,Productive Biological Assets,非流动资产,借,,1,否,否,否,否,不核算外币,否,是,
1622,生产性生物资产累计折旧,Accumulated Depreciation of Productive Biological Assets,非流动资产,贷,,1,否,否,否,否,不核算外币,否,是,
1623,公益性生物资产,Public Welfare Biological Assets,非流动资产,借,,1,否,否,否,否,不核算外币,否,是,
1631,油气资产,Oil and Gas Assets,非流动资产,借,,1,否,否,否,否,不核算外币,否,是,
1632,累计折耗,Accumulated Depletion,非流动资产,借,,1,否,否,否,否,不核算外币,否,是,
1641,使用权资产,Right-of-Use Asset,非流动资产,借,,1,否,否,否,否,不核算外币,否,是,
1642,使用权资产累计折旧,Accumulated Depreciation of Right-of-use Asset,非流动资产,贷,,1,否,否,否,否,不核算外币,否,是,
1643,使用权资产减值准备,Impairment Allowance for Right-of-Use Assets,非流动资产,贷,,1,否,否,否,否,不核算外币,否,是,
1701,无形资产,Intangible Assets,非流动资产,借,,1,否,否,否,否,不核算外币,否,是,
1702,累计摊销,Accumulated Amortization,非流动资产,贷,,1,否,否,否,否,不核算外币,否,是,
1703,无形资产减值准备,Impairment Allowance for Intangible Assets,非流动资产,贷,,1,否,否,否,否,不核算外币,否,是,
1711,商誉,Goodwill,非流动资产,借,,1,否,否,否,否,不核算外币,否,是,
1801,长期待摊费用,Long-Term Prepaid Expense,非流动资产,借,,1,否,否,否,否,不核算外币,否,是,
1811,递延所得税资产,Deferred Tax Assets,非流动资产,借,,1,否,否,否,否,不核算外币,否,是,
1901,待处理财产损溢,Gains and Losses on Pending Disposal of Assets,非流动资产,借,,1,否,否,否,否,不核算外币,否,是,
2001,短期借款,Short-Term Loans,流动负债,贷,,1,否,否,否,是,核算所有币种,否,是,
2101,交易性金融负债,Transactional Financial Liabilities,流动负债,贷,,1,否,否,否,是,核算所有币种,否,是,
2201,应付票据,Bills of Exchange Payable,流动负债,贷,,1,否,否,否,是,核算所有币种,否,是,供应商(选填)
2202,应付账款,Trade Payables,流动负债,贷,,1,否,否,否,是,核算所有币种,否,是,
2202.01,明细应付款,Accounts Payable Details,流动负债,贷,2202,2,否,否,否,是,核算所有币种,否,是,供应商(必录)
2202.02,暂估应付款,Accrued Payable,流动负债,贷,2202,2,否,否,否,是,核算所有币种,否,是,供应商(必录)
2203,预收账款,Customer Prepayment,流动负债,贷,,1,否,否,否,是,核算所有币种,否,是,客户(必录)
2204,合同负债,Contract Liabilities,流动负债,贷,,1,否,否,否,是,核算所有币种,否,是,客户(必录)
2211,应付职工薪酬,Employee Benefits Payable,流动负债,贷,,1,否,否,否,是,核算所有币种,否,是,
2221,应交税费,Taxes Payable,流动负债,贷,,1,否,否,否,否,不核算外币,否,是,
2221.01.01,进项税额,Input VAT Amount,流动负债,贷,2221.01,3,否,否,否,否,不核算外币,否,是,
2221.01,应交增值税,VAT Payable,流动负债,贷,2221,2,否,否,否,否,不核算外币,否,是,
2221.01.02,销项税额,Output Tax Amount,流动负债,贷,2221.01,3,否,否,否,否,不核算外币,否,是,
2221.01.03,出口退税,Export Rebate,流动负债,贷,2221.01,3,否,否,否,否,不核算外币,否,是,
2221.01.04,进项税额转出,Transfer-Out of input Tax Amount,流动负债,贷,2221.01,3,否,否,否,否,不核算外币,否,是,
2221.01.05,已交税金,Tax Paid,流动负债,贷,2221.01,3,否,否,否,否,不核算外币,否,是,
2221.01.06,减免税款,Tax Deduction,流动负债,贷,2221.01,3,否,否,否,否,不核算外币,否,是,
2221.01.07,销项税额抵减,Output Tax Amount Credit,流动负债,贷,2221.01,3,否,否,否,否,不核算外币,否,是,
2221.01.08,出口抵减内销产品应纳税,Export Credit Against Tax Payable on Domestically Sold Products,流动负债,贷,2221.01,3,否,否,否,否,不核算外币,否,是,
2221.01.09,转出未交增值税,Transfer-Out of Unpaid VAT,流动负债,贷,2221.01,3,否,否,否,否,不核算外币,否,是,
2221.01.10,转出多交增值税,Transfer-Out of Overpaid VAT,流动负债,贷,2221.01,3,否,否,否,否,不核算外币,否,是,
2221.02,简易计税,Calculate Tax in Simplified Method,流动负债,贷,2221,2,否,否,否,否,不核算外币,否,是,
2221.03,预交增值税,VAT Prepaid,流动负债,贷,2221,2,否,否,否,否,不核算外币,否,是,
2221.04,代扣代交增值税,VAT Withholding,流动负债,贷,2221,2,否,否,否,否,不核算外币,否,是,
2221.05,转让金融商品应交增值税,VAT Payable for Trading of Financial Products,流动负债,贷,2221,2,否,否,否,否,不核算外币,否,是,
2221.06,待转销项税额,Output Tax Amount to Be Recognized,流动负债,贷,2221,2,否,否,否,否,不核算外币,否,是,
2221.07,待抵扣进项税额,Input Tax Amount to Be Deducted,流动负债,贷,2221,2,否,否,否,否,不核算外币,否,是,
2221.08,待认证进项税额,Input Tax Amount to Be Authenticated,流动负债,贷,2221,2,否,否,否,否,不核算外币,否,是,
2221.09,未交增值税,VAT Unpaid,流动负债,贷,2221,2,否,否,否,否,不核算外币,否,是,
2221.10,应交消费税,Consumption Tax Payable,流动负债,贷,2221,2,否,否,否,否,不核算外币,否,是,
2221.11,增值税留抵税额,VAT Tax Amount Credit Balance,流动负债,贷,2221,2,否,否,否,否,不核算外币,否,是,
2221.12,应交资源税,Resource Tax Payable,流动负债,贷,2221,2,否,否,否,否,不核算外币,否,是,
2221.13,应交所得税,Income Tax Payable,流动负债,贷,2221,2,否,否,否,否,不核算外币,否,是,
2221.14,应交土地增值税,Land VAT Payable,流动负债,贷,2221,2,否,否,否,否,不核算外币,否,是,
2221.15,应交城市维护建设税,Urban Maintenance and Construction Tax Payable,流动负债,贷,2221,2,否,否,否,否,不核算外币,否,是,
2221.16,应交房产税,Real Estate Tax Payable,流动负债,贷,2221,2,否,否,否,否,不核算外币,否,是,
2221.17,应交土地使用税,Land Use Tax Payable,流动负债,贷,2221,2,否,否,否,否,不核算外币,否,是,
2221.18,应交车船使用税,Vehicle and Vessel Use Tax Payable,流动负债,贷,2221,2,否,否,否,否,不核算外币,否,是,
2221.19,应交教育费附加,Tuition Surcharge Payable,流动负债,贷,2221,2,否,否,否,否,不核算外币,否,是,
2221.20,应交矿产资源补偿费,Mineral Resource Compensation Fee Payable,流动负债,贷,2221,2,否,否,否,否,不核算外币,否,是,
2221.21,代扣个人所得税,Individual Income Tax Withholding,流动负债,贷,2221,2,否,否,否,否,不核算外币,否,是,
2221.22,应交环境保护税,Environmental Protection Tax Payable,流动负债,贷,2221,2,否,否,否,否,不核算外币,否,是,
2221.23,应交印花税,Stamp Tax Payable,流动负债,贷,2221,2,否,否,否,否,不核算外币,否,是,
2231,应付利息,Interest Payable,流动负债,贷,,1,否,否,否,是,核算所有币种,否,是,
2232,应付股利,Dividends Payable,流动负债,贷,,1,否,否,否,是,核算所有币种,否,是,
2241,其他应付款,Other Payables,流动负债,贷,,1,否,否,否,是,核算所有币种,否,是,
2241.01,客户往来,Customer Transaction,流动负债,贷,2241,2,否,否,否,是,核算所有币种,否,是,客户(必录)
2241.02,供应商往来,Supplier Accounts Transaction,流动负债,贷,2241,2,否,否,否,是,核算所有币种,否,是,供应商(必录)
2241.03,员工往来,Employee Transaction,流动负债,贷,2241,2,否,否,否,是,核算所有币种,否,是,员工(必录)
2241.04,统支款,Unified Allocation,流动负债,贷,2241,2,否,否,否,是,核算所有币种,否,是,组织机构(必录)
2245,持有待售负债,Liabilities Held for Sale,流动负债,贷,,1,否,否,否,否,不核算外币,否,是,
2314,代理业务负债,Liabilities from Proxy Business,流动负债,贷,,1,否,否,否,是,核算所有币种,否,是,
2401,递延收益,Deferred Income,流动负债,贷,,1,否,否,否,是,核算所有币种,否,是,
2501,长期借款,Long-Term Loans,非流动负债,贷,,1,否,否,否,是,核算所有币种,否,是,
2502,应付债券,Bonds Payable,非流动负债,贷,,1,否,否,否,是,核算所有币种,否,是,
2601,租赁负债,Lease Liability,非流动负债,贷,,1,否,否,否,否,不核算外币,否,是,
2601.01,租赁付款额,Lease Payment,非流动负债,贷,2601,2,否,否,否,否,不核算外币,否,是,
2601.02,未确认融资费用,Unrecognized Financing Expense,非流动负债,贷,2601,2,否,否,否,否,不核算外币,否,是,
2701,长期应付款,Long-Term Payables,非流动负债,贷,,1,否,否,否,是,核算所有币种,否,是,
2702,未确认融资费用,Unrecognized Financing Expense,非流动负债,贷,,1,否,否,否,是,核算所有币种,否,是,
2801,预计负债,Estimated Liabilities,非流动负债,贷,,1,否,否,否,是,核算所有币种,否,是,
2901,递延所得税负债,Deferred Tax Liabilities,非流动负债,贷,,1,否,否,否,否,不核算外币,否,是,
3101,衍生工具,Derivative Tools,共同,借,,1,否,否,否,是,核算所有币种,否,是,
3201,套期工具,Hedging Tools,共同,借,,1,否,否,否,是,核算所有币种,否,是,
3202,被套期项目,Hedged Projects,共同,借,,1,否,否,否,是,核算所有币种,否,是,
4001,实收资本,Paid-in Capital,所有者权益,贷,,1,否,否,否,否,不核算外币,否,是,
4002,资本公积,Capital Reserve,所有者权益,贷,,1,否,否,否,否,不核算外币,否,是,
4003,其他综合收益,Other Comprehensive Income,所有者权益,贷,,1,否,否,否,否,不核算外币,否,是,
4101,盈余公积,Surplus Reserve,所有者权益,贷,,1,否,否,否,否,不核算外币,否,是,
4103,本年利润,Current Year Profit,所有者权益,贷,,1,否,否,否,否,不核算外币,否,是,
4104,利润分配,Profit Distribution,所有者权益,贷,,1,否,否,否,否,不核算外币,否,是,
4201,库存股,Inventory Stock,所有者权益,贷,,1,否,否,否,否,不核算外币,否,是,
4301,专项储备,Special Reserve,所有者权益,贷,,1,否,否,否,否,不核算外币,否,是,
4401,其他权益工具,Other Equity Instruments,所有者权益,贷,,1,否,否,否,否,不核算外币,否,是,
5001,生产成本,Production Costs,成本,借,,1,否,否,否,否,不核算外币,否,是,
5001.01,人工,Production Costs,成本,借,5001,2,否,否,否,否,不核算外币,否,是,部门(必录)
5101,制造费用,Manufacturing Overhead,成本,借,,1,否,否,否,否,不核算外币,否,是,部门(选填);费用项目(选填)
5201,劳务成本,Labor Cost,成本,借,,1,否,否,否,否,不核算外币,否,是,部门(选填);项目(选填)
5301,研发支出,R&D Expenditure,成本,借,,1,否,否,否,否,不核算外币,否,是,
5301.01.01,工资,,成本,借,5301.01,3,否,否,否,否,不核算外币,否,否,项目(选填)
5301.01,费用化支出,Expense in Fees,成本,借,5301,2,否,否,否,否,不核算外币,否,是,项目(选填)
5301.01.02,试制材料,,成本,借,5301.01,3,否,否,否,否,不核算外币,否,否,项目(选填)
5301.01.03,折旧,,成本,借,5301.01,3,否,否,否,否,不核算外币,否,否,项目(选填)
5301.01.04,设计费,,成本,借,5301.01,3,否,否,否,否,不核算外币,否,否,项目(选填)
5301.01.05,差旅,,成本,借,5301.01,3,否,否,否,否,不核算外币,否,否,项目(选填)
5301.01.99,其他,,成本,借,5301.01,3,否,否,否,否,不核算外币,否,否,项目(选填)
5301.02,资本化支出,Capital Expenditure,成本,借,5301,2,否,否,否,否,不核算外币,否,是,
6001,主营业务收入,Main Operating Income,营业收入,贷,,1,否,否,否,否,不核算外币,否,是,部门(选填)
6051,其他业务收入,Other Operating Income,营业收入,贷,,1,否,否,否,否,不核算外币,否,是,
6101,公允价值变动损益,Profit/Loss on Changes in Fair Value,其他收益,贷,,1,否,否,否,否,不核算外币,否,是,
6111,投资收益,Investment Income,其他收益,贷,,1,否,否,否,否,不核算外币,否,是,
6111.01,国债、地方债利息收入,Interest Income from Government Bonds and Local Government Bonds,其他收益,贷,6111,2,否,否,否,否,不核算外币,否,是,
6111.02,铁路建设债券利息收入,Interest Income from Railway Bonds,其他收益,贷,6111,2,否,否,否,否,不核算外币,否,是,
6111.03.01,企业股权投资收益,Enterprise Equity Investment Income,其他收益,贷,6111.03,3,否,否,否,否,不核算外币,否,是,
6111.03,股息红利收入,Dividend Income,其他收益,贷,6111,2,否,否,否,否,不核算外币,否,是,
6111.03.02,股票投资收益,Stock Investment Income,其他收益,贷,6111.03,3,否,否,否,否,不核算外币,否,是,
6111.03.03,其他股息红利性质收益,Other Dividend Income,其他收益,贷,6111.03,3,否,否,否,否,不核算外币,否,是,
6111.04,其他,Others,其他收益,贷,6111,2,否,否,否,否,不核算外币,否,是,
6115,资产处置损益,Profit/Loss on Disposal of Assets,其他收益,贷,,1,否,否,否,否,不核算外币,否,是,
6117,其他收益,Other Income,其他收益,贷,,1,否,否,否,否,不核算外币,否,是,
6117.01,个税手续费返还,Refund of Individual Income Tax Transaction Fee,其他收益,贷,6117,2,否,否,否,否,不核算外币,否,是,
6118,净敞口套期损益,Net Exposure Hedging Profit/Loss,其他收益,贷,,1,否,否,否,否,不核算外币,否,是,
6301,营业外收入,Revenue Not from Operating,其他收益,贷,,1,否,否,否,否,不核算外币,否,是,
6401,主营业务成本,Main Operating Cost,营业成本及税金,借,,1,否,否,否,否,不核算外币,否,是,部门(选填)
6402,其他业务成本,Other Operating Costs,营业成本及税金,借,,1,否,否,否,否,不核算外币,否,是,
6403,税金及附加,Taxes and Surcharges,营业成本及税金,借,,1,否,否,否,否,不核算外币,否,是,
6601,销售费用,Selling Expenses,期间费用,借,,1,否,否,否,否,不核算外币,否,是,
6601.01.01,工资,,期间费用,借,6601.01,3,否,否,否,否,不核算外币,否,是,部门(必录)
6601.01,工资福利,Entertainment Expense,期间费用,借,6601,2,否,否,否,否,不核算外币,否,是,部门(必录)
6601.01.02,奖金,,期间费用,借,6601.01,3,否,否,否,否,不核算外币,否,是,部门(必录)
6601.01.03,社会保险费,,期间费用,借,6601.01,3,否,否,否,否,不核算外币,否,是,部门(必录)
6601.01.04,商业保险费,,期间费用,借,6601.01,3,否,否,否,否,不核算外币,否,是,部门(必录)
6601.01.05,住房公积金,,期间费用,借,6601.01,3,否,否,否,否,不核算外币,否,是,部门(必录)
6601.01.06,职工福利费,,期间费用,借,6601.01,3,否,否,否,否,不核算外币,否,是,部门(必录)
6601.01.07,职工教育经费,,期间费用,借,6601.01,3,否,否,否,否,不核算外币,否,是,部门(必录)
6601.01.08,工会经费,,期间费用,借,6601.01,3,否,否,否,否,不核算外币,否,是,部门(必录)
6601.01.09,离职补偿金,,期间费用,借,6601.01,3,否,否,否,否,不核算外币,否,是,部门(必录)
6601.01.10,其他,,期间费用,借,6601.01,3,否,否,否,否,不核算外币,否,是,部门(必录)
6601.02,广告费,Advertising Expense,期间费用,借,6601,2,否,否,否,否,不核算外币,否,是,部门(必录)
6601.03,业务宣传费,Business Promotion Expense,期间费用,借,6601,2,否,否,否,否,不核算外币,否,是,部门(必录)
6601.04,业务招待费,,期间费用,借,6601,2,否,否,否,否,不核算外币,否,是,部门(必录)
6601.05,固定资产折旧,,期间费用,借,6601,2,否,否,否,否,不核算外币,否,是,部门(必录)
6601.06,无形资产摊销,,期间费用,借,6601,2,否,否,否,否,不核算外币,否,是,部门(必录)
6601.07,长期待摊费用,,期间费用,借,6601,2,否,否,否,否,不核算外币,否,是,部门(必录)
6601.08,使用权资产摊销,,期间费用,借,6601,2,否,否,否,否,不核算外币,否,是,部门(必录)
6601.09,党组织工作经费,,期间费用,借,6601,2,否,否,否,否,不核算外币,否,是,部门(必录)
6601.10,佣金及手续费,,期间费用,借,6601,2,否,否,否,否,不核算外币,否,是,部门(必录)
6601.11,咨询顾问费,,期间费用,借,6601,2,否,否,否,否,不核算外币,否,是,部门(必录)
6601.12,差旅费,,期间费用,借,6601,2,否,否,否,否,不核算外币,否,是,部门(必录)
6601.13,办公费,,期间费用,借,6601,2,否,否,否,否,不核算外币,否,是,部门(必录)
6601.14,通讯费,,期间费用,借,6601,2,否,否,否,否,不核算外币,否,是,部门(必录)
6601.15,水费,,期间费用,借,6601,2,否,否,否,否,不核算外币,否,是,部门(必录)
6601.16,电费,,期间费用,借,6601,2,否,否,否,否,不核算外币,否,是,部门(必录)
6601.17,租赁费,,期间费用,借,6601,2,否,否,否,否,不核算外币,否,是,部门(必录)
6601.18,物业管理费,,期间费用,借,6601,2,否,否,否,否,不核算外币,否,是,部门(必录)
6601.19,劳务费,,期间费用,借,6601,2,否,否,否,否,不核算外币,否,是,部门(必录)
6601.20,维修费,,期间费用,借,6601,2,否,否,否,否,不核算外币,否,是,部门(必录)
6601.21,其他,,期间费用,借,6601,2,否,否,否,否,不核算外币,否,是,部门(必录)
6602,管理费用,Administrative Expenses,期间费用,借,,1,否,否,否,否,不核算外币,否,是,
6602.01.01,工资,Salary,期间费用,借,6602.01,3,否,否,否,否,不核算外币,否,是,部门(必录)
6602.01,工资福利,Employee Benefits,期间费用,借,6602,2,否,否,否,否,不核算外币,否,是,
6602.01.02,奖金,Bonus,期间费用,借,6602.01,3,否,否,否,否,不核算外币,否,是,部门(必录)
6602.01.03,社会保险费,Social Insurance Charge,期间费用,借,6602.01,3,否,否,否,否,不核算外币,否,是,部门(必录)
6602.01.04,商业保险费,Commercial Insurance Charge,期间费用,借,6602.01,3,否,否,否,否,不核算外币,否,是,部门(必录)
6602.01.05,住房公积金,Housing Fund,期间费用,借,6602.01,3,否,否,否,否,不核算外币,否,是,部门(必录)
6602.01.06,职工福利费,Employee Welfare Expense,期间费用,借,6602.01,3,否,否,否,否,不核算外币,否,是,部门(必录)
6602.01.07,职工教育经费,Employee Education Expense,期间费用,借,6602.01,3,否,否,否,否,不核算外币,否,是,部门(必录)
6602.01.08,工会经费,Labor Union Fund,期间费用,借,6602.01,3,否,否,否,否,不核算外币,否,是,部门(必录)
6602.01.09,离职补偿金,,期间费用,借,6602.01,3,否,否,否,否,不核算外币,否,是,部门(必录)
6602.01.10,其他,,期间费用,借,6602.01,3,否,否,否,否,不核算外币,否,是,部门(必录)
6602.02,业务招待费,Entertainment Expense,期间费用,借,6602,2,否,否,否,否,不核算外币,否,是,部门(必录)
6602.03,固定资产折旧,Fixed Asset Depreciation,期间费用,借,6602,2,否,否,否,否,不核算外币,否,是,部门(必录)
6602.04,无形资产摊销,Intangible Asset Amortization,期间费用,借,6602,2,否,否,否,否,不核算外币,否,是,部门(必录)
6602.05,长期待摊费用,Party Organization Work Fund,期间费用,借,6602,2,否,否,否,否,不核算外币,否,是,部门(必录)
6602.06,使用权资产摊销,Commission and Transaction Fee,期间费用,借,6602,2,否,否,否,否,不核算外币,否,是,部门(必录)
6602.07,党组织工作经费,Consulting Expense,期间费用,借,6602,2,否,否,否,否,不核算外币,否,是,部门(必录)
6602.08,佣金及手续费,Travel Expense,期间费用,借,6602,2,否,否,否,否,不核算外币,否,是,部门(必录)
6602.09,咨询顾问费,Administrative Expense,期间费用,借,6602,2,否,否,否,否,不核算外币,否,是,部门(必录)
6602.10,差旅费,Lease Expense,期间费用,借,6602,2,否,否,否,否,不核算外币,否,是,部门(必录)
6602.11,办公费,Labor Charge,期间费用,借,6602,2,否,否,否,否,不核算外币,否,是,部门(必录)
6602.12,通讯费,Maintenance Cost,期间费用,借,6602,2,否,否,否,否,不核算外币,否,是,部门(必录)
6602.13,水费,Others,期间费用,借,6602,2,否,否,否,否,不核算外币,否,是,部门(必录)
6602.14,电费,,期间费用,借,6602,2,否,否,否,否,不核算外币,否,是,部门(必录)
6602.15,租赁费,,期间费用,借,6602,2,否,否,否,否,不核算外币,否,是,部门(必录)
6602.16,物业管理费,,期间费用,借,6602,2,否,否,否,否,不核算外币,否,是,部门(必录)
6602.17,劳务费,,期间费用,借,6602,2,否,否,否,否,不核算外币,否,是,部门(必录)
6602.18,维修费,,期间费用,借,6602,2,否,否,否,否,不核算外币,否,是,部门(必录)
6602.19,其他,,期间费用,借,6602,2,否,否,否,否,不核算外币,否,是,部门(必录)
6603,财务费用,Financial Expenses,期间费用,借,,1,否,否,否,否,不核算外币,否,是,
6603.01,利息支出,Interest Expenses,期间费用,借,6603,2,否,否,否,否,不核算外币,否,是,
6603.02.01,存款利息收入,Deposit Interest Income,期间费用,借,6603.02,3,否,否,否,否,不核算外币,否,是,
6603.02,利息收入,Interest Income,期间费用,借,6603,2,否,否,否,否,不核算外币,否,是,
6603.02.02,贷款利息收入,Loan Interest Income,期间费用,借,6603.02,3,否,否,否,否,不核算外币,否,是,
6603.03,汇兑损益,Foreign Exchange Gain/loss,期间费用,借,6603,2,否,否,否,否,不核算外币,否,是,
6603.04,手续费,Transaction Fee,期间费用,借,6603,2,否,否,否,否,不核算外币,否,是,
6603.05,现金折扣,Cash Discount,期间费用,借,6603,2,否,否,否,否,不核算外币,否,是,
6603.06,其他,Others,期间费用,借,6603,2,否,否,否,否,不核算外币,否,是,
6604,勘探费用,Exploration Expense,期间费用,借,,1,否,否,否,否,不核算外币,否,是,
6701,资产减值损失,Asset Impairment Loss,其他损失,借,,1,否,否,否,否,不核算外币,否,是,
6702,信用减值损失,Credit Impairment Loss,其他损失,借,,1,否,否,否,否,不核算外币,否,是,
6711,营业外支出,Non-Operating Expenses,其他损失,借,,1,否,否,否,否,不核算外币,否,是,
6711.01.01,公益性捐赠支出,Charitable Donation Expense,其他损失,借,6711.01,3,否,否,否,否,不核算外币,否,是,
6711.01,捐赠支出,Donation Expense,其他损失,借,6711,2,否,否,否,否,不核算外币,否,是,
6711.01.02,非公益性捐赠支出,Non-public Welfare Donation Expense,其他损失,借,6711.01,3,否,否,否,否,不核算外币,否,是,
6711.02.01,税收滞纳金,Failure-to-Pay Tax Penalty,其他损失,借,6711.02,3,否,否,否,否,不核算外币,否,是,
6711.02,罚款,Fine,其他损失,借,6711,2,否,否,否,否,不核算外币,否,是,
6711.02.02,行政罚金或罚款或损失,Administrative Fines or Penalties or Losses,其他损失,借,6711.02,3,否,否,否,否,不核算外币,否,是,
6711.03,固定资产清理损失,Loss on Fixed Asset Disposal,其他损失,借,6711,2,否,否,否,否,不核算外币,否,是,
6711.04,其他,Others,其他损失,借,6711,2,否,否,否,否,不核算外币,否,是,
6801,所得税费用,Income Tax Expense,所得税,借,,1,否,否,否,否,不核算外币,否,是,
6901,以前年度损益调整,Prior Year Adjustment in the Profit/Loss Account,以前年度损益调整,借,,1,否,否,否,否,不核算外币,否,是,
