科目编码,科目名称,助记码,科目类别：.名称,余额方向,现金科目,银行科目,现金等价物,数量核算,计量单位.名称,外币核算,币别,期末调汇,辅助核算,辅助核算项目,是否必录,借方现金流量项目：.名称,贷方现金流量项目：.名称,启用状态,不允许手工录入凭证,洗件判定
1001,库存现金,kcxj,流动资产,借,否,是,否,否,,否,,否,否,,,,,启用,否,保留
1001001,杨,y,流动资产,借,否,是,否,是,EA,是,欧元,否,否,,,,,启用,否,剔除：沙箱测试行（名称非会计科目）
1001003,现金流量,xjll,流动资产,借,否,是,否,否,,否,,否,是,客户/供应商,非必录/非必录,,,启用,否,保留
1001009,1235688,1235688,流动资产,借,否,是,否,否,,否,,否,是,供应商/客户,非必录/非必录,,,启用,否,保留
1002,银行存款,yhck,流动资产,借,否,是,否,否,,否,,否,否,,,,,启用,否,保留
1002001,建行,jh,流动资产,借,否,是,否,否,,否,,否,否,,,,,启用,否,保留
1002002,美元,my,流动资产,借,否,是,否,否,,是,所有币别,是,否,,,,,启用,否,保留
1002003,招商,zs,流动资产,借,否,是,否,否,,否,,否,否,,,,,启用,否,保留
1002004,XX银行,XXyh,流动资产,借,否,是,否,否,,否,,否,否,,,,,启用,否,保留
1002005,工商银行,gsyh,流动资产,借,否,是,否,否,,否,,否,否,,,,,启用,否,保留
1002006,农行,nh,流动资产,借,否,是,否,否,,否,,否,否,,,,,启用,否,保留
1002007,8888,8888,流动资产,借,否,是,否,否,,是,欧元,否,否,,,,,启用,否,保留
1002008,公积金,gjj,流动资产,借,否,是,否,否,,否,,否,否,,,,,启用,否,保留
1002009,职业年金,zynj,流动资产,借,否,是,否,否,,否,,否,是,客户,非必录,,,启用,是,保留
1002010,医保,yb,流动资产,借,否,是,否,否,,否,,否,否,,,,,启用,否,保留
1002011,医补,yb,流动资产,借,否,是,否,否,,否,,否,否,,,,,启用,否,保留
1002012,医补退,ybt,流动资产,借,否,是,否,否,,否,,否,否,,,,,启用,否,保留
1002013,养老,yl,流动资产,借,否,是,否,否,,否,,否,否,,,,,启用,否,保留
1002014,工伤,gs,流动资产,借,否,是,否,否,,否,,否,否,,,,,启用,否,保留
1002015,失业,sy,流动资产,借,否,是,否,否,,否,,否,否,,,,,启用,否,保留
1002016,ty春节慰问,tycjww,流动资产,借,否,是,否,否,,否,,否,否,,,,,启用,否,保留
1002017,mz春节慰问,mzcjww,流动资产,借,否,是,否,否,,否,,否,否,,,,,启用,否,保留
1002018,jy春节慰问,jycjww,流动资产,借,否,是,否,否,,否,,否,否,,,,,启用,否,保留
1002019,代扣,dk,流动资产,借,否,是,否,否,,是,所有币别,是,否,,,,,启用,否,保留
1002020,贵阳银行,gyyh,流动资产,借,否,是,否,否,,否,,否,是,账户,非必录,,,启用,否,保留
1002021,临商银行-江南,lsyh-jn,流动资产,借,否,是,否,否,,否,,否,否,,,,,启用,否,保留
1002022,三交办,sjb,流动资产,借,否,是,否,否,,否,,否,否,,,,,启用,否,保留
1002023,三交办,sjb,流动资产,借,否,是,否,否,,否,,否,否,,,,,启用,否,保留
1002024,212,212,流动资产,借,否,是,否,否,,否,,否,是,账户,非必录,,,启用,否,保留
1002025,2331,2331,流动资产,借,否,是,否,否,,否,,否,是,供应商,必录,,,启用,否,保留
1002026,测试0701,cs0701,流动资产,借,否,是,否,否,,否,,否,否,,,,,启用,否,剔除：沙箱测试行（名称非会计科目）
1012,其他货币资金,qthbzj,流动资产,借,否,否,是,否,,否,,否,否,,,,,启用,否,保留
1012001,银行汇票存款,yhhpck,流动资产,借,否,否,是,否,,否,,否,是,客户,必录,,,启用,否,保留
1012002,信用卡保证金,xykbzj,流动资产,借,否,否,是,否,,否,,否,是,供应商,必录,,,启用,否,保留
1101,短期投资,dqtz,流动资产,借,否,否,否,否,,否,,否,否,,,短期投资、长期债券投资和长期股权投资支付的现金,收回短期投资、长期债券投资和长期股权投资收到的现金,启用,否,保留
1101001,股票,gp,流动资产,借,否,否,否,否,,否,,否,否,,,短期投资、长期债券投资和长期股权投资支付的现金,收回短期投资、长期债券投资和长期股权投资收到的现金,启用,否,保留
1101002,债券,zq,流动资产,借,否,否,否,否,,否,,否,否,,,短期投资、长期债券投资和长期股权投资支付的现金,收回短期投资、长期债券投资和长期股权投资收到的现金,启用,否,保留
1101003,基金,jj,流动资产,借,否,否,否,否,,否,,否,否,,,短期投资、长期债券投资和长期股权投资支付的现金,收回短期投资、长期债券投资和长期股权投资收到的现金,启用,否,保留
1101010,其他,qt,流动资产,借,否,否,否,否,,否,,否,否,,,短期投资、长期债券投资和长期股权投资支付的现金,收回短期投资、长期债券投资和长期股权投资收到的现金,启用,否,保留
1121,应收票据,yspj,流动资产,借,否,否,是,否,,否,,否,否,,,,,启用,否,保留
1122,应收账款,yszk,流动资产,借,否,否,否,否,,否,,否,否,,,销售产成品、商品、提供劳务收到的现金,销售产成品、商品、提供劳务收到的现金,启用,否,保留
1122001,xx银行,xxyh,流动资产,借,否,否,否,否,,否,,否,否,,,销售产成品、商品、提供劳务收到的现金,销售产成品、商品、提供劳务收到的现金,启用,否,保留
1122002,A客户,Akh,流动资产,借,否,否,否,否,,否,,否,否,,,销售产成品、商品、提供劳务收到的现金,销售产成品、商品、提供劳务收到的现金,启用,否,保留
1122003,应收帐款,yszk,流动资产,借,否,否,否,否,,否,,否,是,客户/项目号,非必录/非必录,销售产成品、商品、提供劳务收到的现金,销售产成品、商品、提供劳务收到的现金,启用,否,保留
1122004,大连嘉世精密机械制造有限公司,dljsjmjxzzyxgs,流动资产,借,否,否,否,否,,否,,否,否,,,销售产成品、商品、提供劳务收到的现金,销售产成品、商品、提供劳务收到的现金,启用,否,保留
1122005,明细应收,mxys,流动资产,借,否,否,否,是,吨,否,,否,是,客户,必录,销售产成品、商品、提供劳务收到的现金,销售产成品、商品、提供劳务收到的现金,启用,否,保留
1122006,项目应收账款,xmyszk,流动资产,借,否,否,否,否,,否,,否,是,客户/生产项目,非必录/非必录,销售产成品、商品、提供劳务收到的现金,销售产成品、商品、提供劳务收到的现金,启用,否,保留
1122007,cs,cs,流动资产,借,否,否,否,否,,否,,否,否,,,销售产成品、商品、提供劳务收到的现金,销售产成品、商品、提供劳务收到的现金,启用,否,保留
1122987,第987个下级科目,d987gxjkm,流动资产,借,否,否,否,否,,否,,否,否,,,销售产成品、商品、提供劳务收到的现金,销售产成品、商品、提供劳务收到的现金,启用,否,保留
1123,预付账款,yfzk,流动资产,借,否,否,否,否,,否,,否,否,,,购买原材料、商品、接受劳务支付的现金,购买原材料、商品、接受劳务支付的现金,启用,否,保留
1124,预付账款,yfzk,流动资产,借,否,否,否,否,,否,,否,是,供应商,非必录,支付其他与经营活动有关的现金,收到其他与经营活动有关的现金,启用,否,剔除：与 1123 预付账款 重名的自建行
1131,应收股利,ysgl,流动资产,借,否,否,否,否,,否,,否,否,,,取得投资收益收到的现金,取得投资收益收到的现金,启用,否,保留
1132,应收利息,yslx,流动资产,借,否,否,否,否,,否,,否,是,客户/供应商,必录/必录,取得投资收益收到的现金,取得投资收益收到的现金,启用,否,保留
1221,其他应收款,qtysk,流动资产,借,否,否,否,否,,否,,否,否,,,支付其他与经营活动有关的现金,支付其他与经营活动有关的现金,启用,否,保留
1234,应收账款,yszk,流动资产,借,否,否,否,否,,否,,否,否,,,支付其他与经营活动有关的现金,收到其他与经营活动有关的现金,启用,否,剔除：与 1122 应收账款 重名的自建行
1234001,加盟费,jmf,流动资产,借,否,否,否,否,,否,,否,是,客户/供应商,非必录/非必录,支付其他与经营活动有关的现金,收到其他与经营活动有关的现金,启用,否,保留
1401,材料采购,clcg,流动资产,借,否,否,否,否,,否,,否,否,,,购买原材料、商品、接受劳务支付的现金,购买原材料、商品、接受劳务支付的现金,启用,否,保留
1402,在途物资,ztwz,流动资产,借,否,否,否,否,,否,,否,否,,,购买原材料、商品、接受劳务支付的现金,购买原材料、商品、接受劳务支付的现金,启用,否,保留
1403,原材料,ycl,流动资产,借,否,否,否,否,,否,,否,否,,,购买原材料、商品、接受劳务支付的现金,购买原材料、商品、接受劳务支付的现金,启用,否,保留
1403001,螺旋桨轴,lxjz,流动资产,借,否,否,否,否,,否,,否,否,,,购买原材料、商品、接受劳务支付的现金,购买原材料、商品、接受劳务支付的现金,启用,否,保留
1404,材料成本差异,clcbcy,流动资产,借,否,否,否,是,g,否,,否,是,商品,必录,购买原材料、商品、接受劳务支付的现金,购买原材料、商品、接受劳务支付的现金,启用,否,保留
1405,库存商品,kcsp,流动资产,借,否,否,否,是,,否,,否,否,,,购买原材料、商品、接受劳务支付的现金,购买原材料、商品、接受劳务支付的现金,启用,否,保留
1406,发出商品,fcsp,流动资产,借,否,否,否,否,,否,,否,否,,,支付其他与经营活动有关的现金,收到其他与经营活动有关的现金,启用,否,保留
1407,商品进销差价,spjxcj,流动资产,借,否,否,否,否,,否,,否,否,,,购买原材料、商品、接受劳务支付的现金,购买原材料、商品、接受劳务支付的现金,启用,否,保留
1408,委托加工物资,wtjgwz,流动资产,借,否,否,否,否,,否,,否,否,,,购买原材料、商品、接受劳务支付的现金,购买原材料、商品、接受劳务支付的现金,启用,否,保留
1411,周转材料,zzcl,流动资产,借,否,否,否,否,,否,,否,否,,,购买原材料、商品、接受劳务支付的现金,购买原材料、商品、接受劳务支付的现金,启用,否,保留
1421,消耗性生物资产,xhxswzc,流动资产,借,否,否,否,否,,否,,否,否,,,购买原材料、商品、接受劳务支付的现金,购买原材料、商品、接受劳务支付的现金,启用,否,保留
1501,长期债券投资,cqzqtz,非流动资产,借,否,否,否,否,,否,,否,否,,,短期投资、长期债券投资和长期股权投资支付的现金,收回短期投资、长期债券投资和长期股权投资收到的现金,启用,否,保留
1501001,债券投资,zqtz,非流动资产,借,否,否,否,否,,否,,否,否,,,短期投资、长期债券投资和长期股权投资支付的现金,收回短期投资、长期债券投资和长期股权投资收到的现金,启用,否,保留
1501001001,123,123,非流动资产,借,否,否,否,否,,否,,否,是,客户/供应商/部门/职员/商品/仓库/品牌/收入类别/支出类别/账户/检验方式/有票无票,非必录/非必录/非必录/非必录/非必录/非必录/非必录/非必录/非必录/非必录/非必录/非必录,短期投资、长期债券投资和长期股权投资支付的现金,收回短期投资、长期债券投资和长期股权投资收到的现金,启用,否,保留
1501002,其他债权投资,qtzqtz,非流动资产,借,否,否,否,否,,否,,否,否,,,短期投资、长期债券投资和长期股权投资支付的现金,收回短期投资、长期债券投资和长期股权投资收到的现金,启用,否,保留
1511,长期股权投资,cqgqtz,非流动资产,借,否,否,否,否,,否,,否,否,,,短期投资、长期债券投资和长期股权投资支付的现金,收回短期投资、长期债券投资和长期股权投资收到的现金,启用,否,保留
1511001,股票投资,gptz,非流动资产,借,否,否,否,否,,否,,否,否,,,短期投资、长期债券投资和长期股权投资支付的现金,收回短期投资、长期债券投资和长期股权投资收到的现金,启用,否,保留
1511002,其他股权投资,qtgqtz,非流动资产,借,否,否,否,否,,否,,否,否,,,短期投资、长期债券投资和长期股权投资支付的现金,收回短期投资、长期债券投资和长期股权投资收到的现金,启用,否,保留
1601,固定资产,gdzc,非流动资产,借,否,否,否,否,,否,,否,否,,,购建固定资产、无形资产和其他非流动资产支付的现金,处置固定资产、无形资产和其他非流动资产收回的现金净额,启用,否,保留
1602,累计折旧,ljzj,非流动资产,贷,否,否,否,否,,否,,否,否,,,处置固定资产、无形资产和其他非流动资产收回的现金净额,购建固定资产、无形资产和其他非流动资产支付的现金,启用,否,保留
1604,在建工程,zjgc,非流动资产,借,否,否,否,否,,否,,否,否,,,购建固定资产、无形资产和其他非流动资产支付的现金,处置固定资产、无形资产和其他非流动资产收回的现金净额,启用,否,保留
1604001,建筑工程,jzgc,非流动资产,借,否,否,否,否,,否,,否,否,,,购建固定资产、无形资产和其他非流动资产支付的现金,处置固定资产、无形资产和其他非流动资产收回的现金净额,启用,否,保留
1604002,安装工程,azgc,非流动资产,借,否,否,否,否,,否,,否,否,,,购建固定资产、无形资产和其他非流动资产支付的现金,处置固定资产、无形资产和其他非流动资产收回的现金净额,启用,否,保留
1604003,技术改造工程,jsgzgc,非流动资产,借,否,否,否,否,,否,,否,是,客户,非必录,购建固定资产、无形资产和其他非流动资产支付的现金,处置固定资产、无形资产和其他非流动资产收回的现金净额,启用,否,保留
1604004,其他支出,qtzc,非流动资产,借,否,否,否,否,,否,,否,否,,,购建固定资产、无形资产和其他非流动资产支付的现金,处置固定资产、无形资产和其他非流动资产收回的现金净额,启用,否,保留
1605,工程物资,gcwz,非流动资产,借,否,否,否,否,,否,,否,否,,,购建固定资产、无形资产和其他非流动资产支付的现金,处置固定资产、无形资产和其他非流动资产收回的现金净额,启用,否,保留
1606,固定资产清理,gdzcql,非流动资产,借,否,否,否,否,,否,,否,否,,,处置固定资产、无形资产和其他非流动资产收回的现金净额,处置固定资产、无形资产和其他非流动资产收回的现金净额,启用,否,保留
1609,测试固定资产科目,csgdzckm,非流动资产,借,否,否,否,否,,否,,否,否,,,支付其他与经营活动有关的现金,收到其他与经营活动有关的现金,启用,否,剔除：沙箱测试行（名称非会计科目）
1621,生产性生物资产,scxswzc,非流动资产,借,否,否,否,否,,否,,否,否,,,购建固定资产、无形资产和其他非流动资产支付的现金,处置固定资产、无形资产和其他非流动资产收回的现金净额,启用,否,保留
1622,生产性生物资产累计折旧,scxswzcljzj,非流动资产,贷,否,否,否,否,,否,,否,否,,,处置固定资产、无形资产和其他非流动资产收回的现金净额,购建固定资产、无形资产和其他非流动资产支付的现金,启用,否,保留
1701,无形资产,wxzc,非流动资产,借,否,否,否,否,,否,,否,否,,,购建固定资产、无形资产和其他非流动资产支付的现金,处置固定资产、无形资产和其他非流动资产收回的现金净额,启用,否,保留
1702,累计摊销,ljtx,非流动资产,贷,否,否,否,否,,否,,否,是,客户,非必录,处置固定资产、无形资产和其他非流动资产收回的现金净额,购建固定资产、无形资产和其他非流动资产支付的现金,启用,否,保留
1801,长期待摊费用,cqdtfy,非流动资产,借,否,否,否,否,,否,,否,否,,,购建固定资产、无形资产和其他非流动资产支付的现金,处置固定资产、无形资产和其他非流动资产收回的现金净额,启用,否,保留
1901,待处理财产损溢,dclccsy,非流动资产,借,否,否,否,否,,否,,否,否,,,支付其他与经营活动有关的现金,支付其他与经营活动有关的现金,启用,否,保留
1902,原材料1,ycl1,流动资产,借,否,否,否,是,,否,,否,是,客户/商品,必录/非必录,支付其他与经营活动有关的现金,收到其他与经营活动有关的现金,启用,否,剔除：沙箱测试行（名称非会计科目）
1903,1111,1111,流动资产,借,否,否,否,否,,否,,否,是,签约主体,必录,支付其他与经营活动有关的现金,收到其他与经营活动有关的现金,启用,否,剔除：沙箱测试行（名称非会计科目）
1904,测试科目,cskm,流动资产,贷,否,否,否,否,,否,,否,否,,,支付其他与经营活动有关的现金,收到其他与经营活动有关的现金,启用,否,剔除：沙箱测试行（名称非会计科目）
1905,测试,cs,流动资产,借,否,否,否,是,个,是,所有币别,否,否,,,支付其他与经营活动有关的现金,收到其他与经营活动有关的现金,启用,是,剔除：沙箱测试行（名称非会计科目）
1906,发出商品测试,fcspcs,流动资产,借,否,否,否,否,,否,,否,是,项目号,非必录,支付其他与经营活动有关的现金,收到其他与经营活动有关的现金,启用,否,剔除：沙箱测试行（名称非会计科目）
1907,测试核算,cshs,流动资产,借,否,否,否,是,,否,,否,是,商品,必录,支付其他与经营活动有关的现金,收到其他与经营活动有关的现金,启用,否,剔除：沙箱测试行（名称非会计科目）
2001,短期借款,dqjk,流动负债,贷,否,否,否,否,,否,,否,否,,,偿还借款本金支付的现金,取得借款收到的现金,启用,否,保留
2026,测试科目,cskm,流动资产,借,否,否,否,是,,是,所有币别,是,是,商品,非必录,支付其他与经营活动有关的现金,收到其他与经营活动有关的现金,启用,否,剔除：沙箱测试行（名称非会计科目）
2201,应付票据,yfpj,流动负债,贷,否,否,否,否,,否,,否,否,,,购买原材料、商品、接受劳务支付的现金,购买原材料、商品、接受劳务支付的现金,启用,否,保留
2202,应付账款,yfzk,流动负债,贷,否,否,否,否,,否,,否,否,,,购买原材料、商品、接受劳务支付的现金,购买原材料、商品、接受劳务支付的现金,启用,否,保留
2202003,发票应付,fpyf,流动负债,贷,否,否,否,否,,否,,否,是,供应商,必录,购买原材料、商品、接受劳务支付的现金,购买原材料、商品、接受劳务支付的现金,启用,否,保留
2202004,暂估应付,zgyf,流动负债,贷,否,否,否,否,,否,,否,是,供应商/部门/客户/职员/收入类别/支出类别,必录/非必录/非必录/非必录/非必录/必录,购买原材料、商品、接受劳务支付的现金,购买原材料、商品、接受劳务支付的现金,启用,否,保留
2202005,应付,yf,流动负债,贷,否,否,否,否,,否,,否,否,,,购买原材料、商品、接受劳务支付的现金,购买原材料、商品、接受劳务支付的现金,启用,否,保留
2202006,项目应付账款,xmyfzk,流动负债,贷,否,否,否,否,,否,,否,否,,,购买原材料、商品、接受劳务支付的现金,购买原材料、商品、接受劳务支付的现金,启用,否,保留
2202006001,测试333,cs333,流动负债,贷,否,否,否,是,个,是,所有币别,否,是,客户/生产项目/供应商,非必录/非必录/非必录,购买原材料、商品、接受劳务支付的现金,购买原材料、商品、接受劳务支付的现金,启用,否,剔除：沙箱测试行（名称非会计科目）
2202007,A有限公司,Ayxgs,流动负债,贷,否,否,否,否,,否,,否,否,,,购买原材料、商品、接受劳务支付的现金,购买原材料、商品、接受劳务支付的现金,启用,否,保留
2203,预收账款,yszk,流动负债,贷,否,否,否,否,,否,,否,否,,,销售产成品、商品、提供劳务收到的现金,销售产成品、商品、提供劳务收到的现金,启用,否,保留
2203001,深圳南方有限公司,sznfyxgs,流动负债,贷,否,否,否,否,,否,,否,否,,,销售产成品、商品、提供劳务收到的现金,销售产成品、商品、提供劳务收到的现金,启用,否,保留
2211,应付职工薪酬,yfzgxc,流动负债,贷,否,否,否,否,,否,,否,否,,,支付的职工薪酬,支付的职工薪酬,启用,否,保留
2211001,张亚司机,zysj,流动负债,贷,否,否,否,否,,否,,否,否,,,支付的职工薪酬,支付的职工薪酬,启用,否,保留
2211002,挂账,gz,流动负债,借,否,否,否,否,,否,,否,否,,,支付的职工薪酬,支付的职工薪酬,启用,否,保留
2211003,挂账,gz,流动负债,借,否,否,否,否,,否,,否,否,,,支付的职工薪酬,支付的职工薪酬,启用,否,保留
2221,应交税费,yjsf,流动负债,贷,否,否,否,否,,否,,否,否,,,支付的税费,支付的税费,启用,否,保留
2221001,应交增值税,yjzzs,流动负债,贷,否,否,否,否,,否,,否,否,,,支付的税费,支付的税费,启用,否,保留
2221001001,进项税额,jxse,流动负债,借,否,否,否,否,,否,,否,否,,,购买原材料、商品、接受劳务支付的现金,购买原材料、商品、接受劳务支付的现金,启用,否,保留
2221001002,销项税额的抵减,xxseddj,流动负债,借,否,否,否,否,,否,,否,否,,,销售产成品、商品、提供劳务收到的现金,销售产成品、商品、提供劳务收到的现金,启用,否,保留
2221001003,已交税金,yjsj,流动负债,借,否,否,否,否,,否,,否,否,,,支付的税费,支付的税费,启用,否,保留
222100100301,123123,123123,流动负债,借,否,否,否,否,,否,,否,否,,,支付的税费,支付的税费,启用,否,剔除：沙箱测试行（名称非会计科目）
22210010030101,213123,213123,流动负债,借,否,否,否,否,,否,,否,是,客户,必录,支付的税费,支付的税费,启用,否,剔除：沙箱测试行（名称非会计科目）
2221001004,转出未交增值税,zcwjzzs,流动负债,借,否,否,否,否,,否,,否,否,,,支付的税费,支付的税费,启用,否,保留
2221001005,减免税款,jmsk,流动负债,借,否,否,否,否,,否,,否,否,,,支付的税费,支付的税费,启用,否,保留
2221001006,出口抵减内销产品应纳税额,ckdjnxcpynse,流动负债,借,否,否,否,否,,否,,否,否,,,支付的税费,支付的税费,启用,否,保留
2221001007,销项税额,xxse,流动负债,贷,否,否,否,否,,否,,否,否,,,销售产成品、商品、提供劳务收到的现金,销售产成品、商品、提供劳务收到的现金,启用,否,保留
2221001008,出口退税,ckts,流动负债,贷,否,否,否,否,,否,,否,否,,,支付的税费,支付的税费,启用,否,保留
2221001009,进项税额转出,jxsezc,流动负债,贷,否,否,否,否,,否,,否,否,,,购买原材料、商品、接受劳务支付的现金,购买原材料、商品、接受劳务支付的现金,启用,否,保留
2221001010,转出多交增值税,zcdjzzs,流动负债,贷,否,否,否,否,,否,,否,否,,,支付的税费,支付的税费,启用,否,保留
2221001011,应交增值税,yjzzs,流动负债,贷,否,否,否,否,,否,,否,否,,,支付的税费,支付的税费,启用,否,保留
2221002,未交增值税,wjzzs,流动负债,贷,否,否,否,否,,否,,否,否,,,支付的税费,支付的税费,启用,否,保留
2221003,预交增值税,yjzzs,流动负债,借,否,否,否,否,,否,,否,否,,,支付的税费,支付的税费,启用,否,保留
2221004,待抵扣进项税额,ddkjxse,流动负债,借,否,否,否,否,,否,,否,否,,,支付的税费,支付的税费,启用,否,保留
2221005,待认证进项税额,drzjxse,流动负债,借,否,否,否,否,,否,,否,否,,,支付的税费,支付的税费,启用,否,保留
2221006,待转销项税额,dzxxse,流动负债,贷,否,否,否,否,,否,,否,否,,,销售产成品、商品、提供劳务收到的现金,销售产成品、商品、提供劳务收到的现金,启用,否,保留
2221007,增值税留抵税额,zzsldse,流动负债,借,否,否,否,否,,否,,否,否,,,支付的税费,支付的税费,启用,否,保留
2221008,简易计税,jyjs,流动负债,贷,否,否,否,否,,否,,否,否,,,销售产成品、商品、提供劳务收到的现金,销售产成品、商品、提供劳务收到的现金,启用,否,保留
2221009,转让金融商品应交增值税,zrjrspyjzzs,流动负债,贷,否,否,否,否,,否,,否,否,,,支付的税费,支付的税费,启用,否,保留
2221010,代扣代交增值税,dkdjzzs,流动负债,贷,否,否,否,否,,否,,否,否,,,支付的税费,支付的税费,启用,否,保留
2221011,应交所得税,yjsds,流动负债,贷,否,否,否,否,,否,,否,否,,,支付的税费,支付的税费,启用,否,保留
2221012,应交个人所得税,yjgrsds,流动负债,贷,否,否,否,否,,否,,否,否,,,支付的税费,支付的税费,启用,否,保留
2221013,教育费附加,jyffj,流动负债,贷,否,否,否,否,,否,,否,否,,,支付的税费,支付的税费,启用,否,保留
2221014,地方教育费附加,dfjyffj,流动负债,贷,否,否,否,否,,否,,否,否,,,支付的税费,支付的税费,启用,否,保留
2221015,应交资源税,yjzys,流动负债,贷,否,否,否,否,,否,,否,否,,,支付的税费,支付的税费,启用,否,保留
2221016,应交土地增值税,yjtdzzs,流动负债,贷,否,否,否,否,,否,,否,否,,,支付的税费,支付的税费,启用,否,保留
2221017,应交城市维护建设税,yjcswhjss,流动负债,贷,否,否,否,否,,否,,否,否,,,支付的税费,支付的税费,启用,否,保留
2221018,应交房产税,yjfcs,流动负债,贷,否,否,否,否,,否,,否,否,,,支付的税费,支付的税费,启用,否,保留
2221019,应交土地使用税,yjtdsys,流动负债,贷,否,否,否,否,,否,,否,否,,,支付的税费,支付的税费,启用,否,保留
2221020,应交车船使用税,yjccsys,流动负债,贷,否,否,否,否,,否,,否,否,,,支付的税费,支付的税费,启用,否,保留
2221021,应交消费税,yjxfs,流动负债,贷,否,否,否,否,,否,,否,否,,,支付的税费,支付的税费,启用,否,保留
2231,应付利息,yflx,流动负债,贷,否,否,否,否,,否,,否,否,,,偿还借款利息支付的现金,偿还借款利息支付的现金,启用,否,保留
2232,应付利润,yflr,流动负债,贷,否,否,否,否,,否,,否,否,,,分配利润支付的现金,分配利润支付的现金,启用,否,保留
2241,其他应付款,qtyfk,流动负债,贷,否,否,否,否,,否,,否,否,,,支付其他与经营活动有关的现金,支付其他与经营活动有关的现金,启用,否,保留
2401,递延收益,dysy,流动负债,贷,否,否,否,否,,否,,否,否,,,支付其他与经营活动有关的现金,支付其他与经营活动有关的现金,启用,否,保留
2501,长期借款,cqjk,非流动负债,贷,否,否,否,否,,否,,否,否,,,偿还借款本金支付的现金,取得借款收到的现金,启用,否,保留
2701,长期应付款,cqyfk,非流动负债,贷,否,否,否,否,,否,,否,否,,,偿还借款本金支付的现金,取得借款收到的现金,启用,否,保留
3001,实收资本,sszb,所有者权益,贷,否,否,否,否,,否,,否,否,,,吸收投资者投资收到的现金,吸收投资者投资收到的现金,启用,否,保留
3001001,股东张锋,gdzf,所有者权益,贷,否,否,否,否,,否,,否,否,,,吸收投资者投资收到的现金,吸收投资者投资收到的现金,启用,否,保留
3002,资本公积,zbgj,所有者权益,贷,否,否,否,否,,否,,否,否,,,吸收投资者投资收到的现金,吸收投资者投资收到的现金,启用,否,保留
3002001,资本溢价,zbyj,所有者权益,贷,否,否,否,否,,否,,否,否,,,吸收投资者投资收到的现金,吸收投资者投资收到的现金,启用,否,保留
3002002,接受捐赠非现金资产准备,jsjzfxjzczb,所有者权益,贷,否,否,否,否,,否,,否,否,,,吸收投资者投资收到的现金,吸收投资者投资收到的现金,启用,否,保留
3002006,外币资本折算差额,wbzbzsce,所有者权益,贷,否,否,否,否,,否,,否,否,,,吸收投资者投资收到的现金,吸收投资者投资收到的现金,启用,否,保留
3002007,其他资本公积,qtzbgj,所有者权益,贷,否,否,否,否,,否,,否,否,,,吸收投资者投资收到的现金,吸收投资者投资收到的现金,启用,否,保留
3101,盈余公积,yygj,所有者权益,贷,否,否,否,否,,否,,否,否,,,吸收投资者投资收到的现金,吸收投资者投资收到的现金,启用,否,保留
3101001,法定盈余公积,fdyygj,所有者权益,贷,否,否,否,否,,否,,否,否,,,吸收投资者投资收到的现金,吸收投资者投资收到的现金,启用,否,保留
3101002,任意盈余公积,ryyygj,所有者权益,贷,否,否,否,否,,否,,否,否,,,吸收投资者投资收到的现金,吸收投资者投资收到的现金,启用,否,保留
3101003,法定公益金,fdgyj,所有者权益,贷,否,否,否,否,,否,,否,否,,,吸收投资者投资收到的现金,吸收投资者投资收到的现金,启用,否,保留
3103,本年利润,bnlr,所有者权益,贷,否,否,否,否,,否,,否,否,,,吸收投资者投资收到的现金,吸收投资者投资收到的现金,启用,否,保留
3104,利润分配,lrfp,所有者权益,贷,否,否,否,否,,否,,否,否,,,分配利润支付的现金,分配利润支付的现金,启用,否,保留
3104001,其他转入,qtzr,所有者权益,借,否,否,否,否,,否,,否,否,,,分配利润支付的现金,分配利润支付的现金,启用,否,保留
3104002,提取法定盈余公积,tqfdyygj,所有者权益,借,否,否,否,否,,否,,否,否,,,分配利润支付的现金,分配利润支付的现金,启用,否,保留
3104003,提取法定公益金,tqfdgyj,所有者权益,借,否,否,否,否,,否,,否,否,,,分配利润支付的现金,分配利润支付的现金,启用,否,保留
3104009,提取任意盈余公积,tqryyygj,所有者权益,借,否,否,否,否,,否,,否,否,,,分配利润支付的现金,分配利润支付的现金,启用,否,保留
3104010,应付利润,yflr,所有者权益,借,否,否,否,否,,否,,否,否,,,分配利润支付的现金,分配利润支付的现金,启用,否,保留
3104011,转作资本的利润,zzzbdlr,所有者权益,借,否,否,否,否,,否,,否,否,,,分配利润支付的现金,分配利润支付的现金,启用,否,保留
3104015,未分配利润,wfplr,所有者权益,贷,否,否,否,否,,否,,否,否,,,分配利润支付的现金,分配利润支付的现金,启用,否,保留
4001,生产成本,sccb,成本,借,否,否,否,否,,否,,否,否,,,购买原材料、商品、接受劳务支付的现金,购买原材料、商品、接受劳务支付的现金,启用,否,保留
4001001,基本生产成本,jbsccb,成本,借,否,否,否,否,,否,,否,否,,,购买原材料、商品、接受劳务支付的现金,购买原材料、商品、接受劳务支付的现金,启用,否,保留
4001001001,1,1,成本,借,否,否,否,否,,否,,否,否,,,购买原材料、商品、接受劳务支付的现金,购买原材料、商品、接受劳务支付的现金,启用,否,剔除：沙箱测试行（名称非会计科目）
4001002,辅助生产成本,fzsccb,成本,借,否,否,否,否,,否,,否,否,,,购买原材料、商品、接受劳务支付的现金,购买原材料、商品、接受劳务支付的现金,启用,否,保留
4101,制造费用,zzfy,成本,借,否,否,否,否,,否,,否,否,,,购买原材料、商品、接受劳务支付的现金,购买原材料、商品、接受劳务支付的现金,启用,否,保留
4301,研发支出,yfzc,成本,借,否,否,否,否,,否,,否,否,,,购买原材料、商品、接受劳务支付的现金,购买原材料、商品、接受劳务支付的现金,启用,否,保留
4401,工程施工,gcsg,成本,借,否,否,否,否,,否,,否,否,,,购买原材料、商品、接受劳务支付的现金,购买原材料、商品、接受劳务支付的现金,启用,否,保留
4403,机械作业,jxzy,成本,借,否,否,否,否,,否,,否,否,,,购买原材料、商品、接受劳务支付的现金,购买原材料、商品、接受劳务支付的现金,启用,否,保留
5001,主营业务收入,zyywsr,营业收入,贷,否,否,否,否,,否,,否,否,,,销售产成品、商品、提供劳务收到的现金,销售产成品、商品、提供劳务收到的现金,启用,否,保留
5001001,仓储收入,ccsr,营业收入,贷,否,否,否,否,,否,,否,否,,,销售产成品、商品、提供劳务收到的现金,销售产成品、商品、提供劳务收到的现金,启用,否,保留
5001002,运费收入,yfsr,营业收入,贷,否,否,否,否,,否,,否,否,,,销售产成品、商品、提供劳务收到的现金,销售产成品、商品、提供劳务收到的现金,启用,否,保留
5001003,配件,pj,营业收入,贷,否,否,否,否,,否,,否,否,,,销售产成品、商品、提供劳务收到的现金,销售产成品、商品、提供劳务收到的现金,启用,否,保留
5001004,变压器,byq,营业收入,贷,否,否,否,否,,否,,否,否,,,销售产成品、商品、提供劳务收到的现金,销售产成品、商品、提供劳务收到的现金,启用,否,保留
5001006,工程收入,gcsr,营业收入,贷,否,否,否,否,,否,,否,否,,,销售产成品、商品、提供劳务收到的现金,销售产成品、商品、提供劳务收到的现金,启用,否,保留
5051,其他业务收入,qtywsr,其他收益,贷,否,否,否,否,,否,,否,否,,,收到其他与经营活动有关的现金,收到其他与经营活动有关的现金,启用,否,保留
5111,投资收益,tzsy,其他收益,贷,否,否,否,否,,否,,否,否,,,取得投资收益收到的现金,取得投资收益收到的现金,启用,否,保留
5301,营业外收入,yywsr,其他收益,贷,否,否,否,否,,否,,否,否,,,收到其他与经营活动有关的现金,收到其他与经营活动有关的现金,启用,否,保留
5301001,非流动资产处置净收益,fldzcczjsy,其他收益,贷,否,否,否,否,,否,,否,否,,,收到其他与经营活动有关的现金,收到其他与经营活动有关的现金,启用,否,保留
5301002,政府补助,zfbz,其他收益,贷,否,否,否,否,,否,,否,否,,,收到其他与经营活动有关的现金,收到其他与经营活动有关的现金,启用,否,保留
5301003,捐赠收益,jzsy,其他收益,贷,否,否,否,否,,否,,否,否,,,收到其他与经营活动有关的现金,收到其他与经营活动有关的现金,启用,否,保留
5301004,盘盈收益,pysy,其他收益,贷,否,否,否,否,,否,,否,否,,,收到其他与经营活动有关的现金,收到其他与经营活动有关的现金,启用,否,保留
5301005,其他,qt,其他收益,贷,否,否,否,否,,否,,否,否,,,收到其他与经营活动有关的现金,收到其他与经营活动有关的现金,启用,否,保留
5401,主营业务成本,zyywcb,营业成本及税金,借,否,否,否,否,,否,,否,否,,,购买原材料、商品、接受劳务支付的现金,购买原材料、商品、接受劳务支付的现金,启用,否,保留
5402,其他业务成本,qtywcb,其他损失,借,否,否,否,否,,否,,否,否,,,购买原材料、商品、接受劳务支付的现金,购买原材料、商品、接受劳务支付的现金,启用,否,保留
5403,税金及附加,sjjfj,营业成本及税金,借,否,否,否,否,,否,,否,否,,,支付的税费,支付的税费,启用,否,保留
5403001,消费税,xfs,营业成本及税金,借,否,否,否,否,,否,,否,否,,,支付的税费,支付的税费,启用,否,保留
5403003,城市维护建设税,cswhjss,营业成本及税金,借,否,否,否,否,,否,,否,否,,,支付的税费,支付的税费,启用,否,保留
5403004,资源税,zys,营业成本及税金,借,否,否,否,否,,否,,否,否,,,支付的税费,支付的税费,启用,否,保留
5403005,土地增值税,tdzzs,营业成本及税金,借,否,否,否,否,,否,,否,否,,,支付的税费,支付的税费,启用,否,保留
5403006,城镇土地使用税,cztdsys,营业成本及税金,借,否,否,否,否,,否,,否,否,,,支付的税费,支付的税费,启用,否,保留
5403007,房产税,fcs,营业成本及税金,借,否,否,否,否,,否,,否,否,,,支付的税费,支付的税费,启用,否,保留
5403008,车船税,ccs,营业成本及税金,借,否,否,否,否,,否,,否,否,,,支付的税费,支付的税费,启用,否,保留
5403009,印花税,yhs,营业成本及税金,借,否,否,否,否,,否,,否,否,,,支付的税费,支付的税费,启用,否,保留
5403010,教育费附加,jyffj,营业成本及税金,借,否,否,否,否,,否,,否,否,,,支付的税费,支付的税费,启用,否,保留
5403011,矿产资源补偿费,kczybcf,营业成本及税金,借,否,否,否,否,,否,,否,否,,,支付的税费,支付的税费,启用,否,保留
5403012,排污费,pwf,营业成本及税金,借,否,否,否,否,,否,,否,否,,,支付的税费,支付的税费,启用,否,保留
5403013,地方教育费附加,dfjyffj,营业成本及税金,借,否,否,否,否,,否,,否,否,,,支付的税费,支付的税费,启用,否,保留
5601,销售费用,xsfy,期间费用,借,否,否,否,否,,否,,否,否,,,支付其他与经营活动有关的现金,支付其他与经营活动有关的现金,启用,否,保留
5601001,办公用品,bgyp,期间费用,借,否,否,否,否,,否,,否,否,,,支付其他与经营活动有关的现金,支付其他与经营活动有关的现金,启用,否,保留
5601003,物业管理费,wyglf,期间费用,借,否,否,否,否,,否,,否,否,,,支付其他与经营活动有关的现金,支付其他与经营活动有关的现金,启用,否,保留
5601004,水电费,sdf,期间费用,借,否,否,否,否,,否,,否,否,,,支付其他与经营活动有关的现金,支付其他与经营活动有关的现金,启用,否,保留
5601005,交际应酬费,jjycf,期间费用,借,否,否,否,否,,否,,否,否,,,支付其他与经营活动有关的现金,支付其他与经营活动有关的现金,启用,否,保留
5601007,差旅费,clf,期间费用,借,否,否,否,否,,否,,否,否,,,支付其他与经营活动有关的现金,支付其他与经营活动有关的现金,启用,否,保留
5601008,补助,bz,期间费用,借,否,否,否,否,,否,,否,否,,,支付其他与经营活动有关的现金,支付其他与经营活动有关的现金,启用,否,保留
5601009,通讯费,txf,期间费用,借,否,否,否,否,,否,,否,否,,,支付其他与经营活动有关的现金,支付其他与经营活动有关的现金,启用,否,保留
5601010,工资,gz,期间费用,借,否,否,否,否,,否,,否,否,,,支付其他与经营活动有关的现金,支付其他与经营活动有关的现金,启用,否,保留
5601011,佣金,yj,期间费用,借,否,否,否,否,,否,,否,否,,,支付其他与经营活动有关的现金,支付其他与经营活动有关的现金,启用,否,保留
5601012,保险金,bxj,期间费用,借,否,否,否,否,,否,,否,否,,,支付其他与经营活动有关的现金,支付其他与经营活动有关的现金,启用,否,保留
5601013,福利费,flf,期间费用,借,否,否,否,否,,否,,否,否,,,支付其他与经营活动有关的现金,支付其他与经营活动有关的现金,启用,否,保留
5601014,累计折旧,ljzj,期间费用,借,否,否,否,否,,否,,否,否,,,支付其他与经营活动有关的现金,支付其他与经营活动有关的现金,启用,否,保留
5601015,商品维修费,spwxf,期间费用,借,否,否,否,否,,否,,否,否,,,支付其他与经营活动有关的现金,支付其他与经营活动有关的现金,启用,否,保留
5601016,广告和业务宣传费,gghywxcf,期间费用,借,否,否,否,否,,否,,否,否,,,支付其他与经营活动有关的现金,支付其他与经营活动有关的现金,启用,否,保留
5601017,车辆使用,clsy,期间费用,借,否,否,否,否,,否,,否,是,部门,必录,支付其他与经营活动有关的现金,支付其他与经营活动有关的现金,启用,否,保留
5601099,其他,qt,期间费用,借,否,否,否,否,,否,,否,否,,,支付其他与经营活动有关的现金,支付其他与经营活动有关的现金,启用,否,保留
5602,管理费用,glfy,期间费用,借,否,否,否,否,,否,,否,否,,,支付其他与经营活动有关的现金,支付其他与经营活动有关的现金,启用,否,保留
5602001,办公用品,bgyp,期间费用,借,否,否,否,否,,否,,否,否,,,支付其他与经营活动有关的现金,支付其他与经营活动有关的现金,启用,否,保留
5602002,房租,fz,期间费用,借,否,否,否,否,,否,,否,否,,,支付其他与经营活动有关的现金,支付其他与经营活动有关的现金,启用,否,保留
5602003,物业管理费,wyglf,期间费用,借,否,否,否,否,,否,,否,否,,,支付其他与经营活动有关的现金,支付其他与经营活动有关的现金,启用,否,保留
5602004,水电费,sdf,期间费用,借,否,否,否,否,,否,,否,否,,,支付其他与经营活动有关的现金,支付其他与经营活动有关的现金,启用,否,保留
5602005,交际应酬费,jjycf,期间费用,借,否,否,否,否,,否,,否,否,,,支付其他与经营活动有关的现金,支付其他与经营活动有关的现金,启用,否,保留
5602006,市内交通费,snjtf,期间费用,借,否,否,否,否,,否,,否,否,,,支付其他与经营活动有关的现金,支付其他与经营活动有关的现金,启用,否,保留
5602007,差旅费,clf,期间费用,借,否,否,否,否,,否,,否,是,部门/职员,非必录/非必录,支付其他与经营活动有关的现金,支付其他与经营活动有关的现金,启用,否,保留
5602008,通讯费,txf,期间费用,借,否,否,否,否,,否,,否,否,,,支付其他与经营活动有关的现金,支付其他与经营活动有关的现金,启用,否,保留
5602009,工资,gz,期间费用,借,否,否,否,否,,否,,否,否,,,支付其他与经营活动有关的现金,支付其他与经营活动有关的现金,启用,否,保留
5602010,保险金,bxj,期间费用,借,否,否,否,否,,否,,否,否,,,支付其他与经营活动有关的现金,支付其他与经营活动有关的现金,启用,否,保留
5602011,福利费,flf,期间费用,借,否,否,否,否,,否,,否,否,,,支付其他与经营活动有关的现金,支付其他与经营活动有关的现金,启用,否,保留
5602012,折旧费,zjf,期间费用,借,否,否,否,否,,否,,否,否,,,支付其他与经营活动有关的现金,支付其他与经营活动有关的现金,启用,否,保留
5602013,开办费,kbf,期间费用,借,否,否,否,否,,否,,否,否,,,支付其他与经营活动有关的现金,支付其他与经营活动有关的现金,启用,否,保留
5602014,职工教育经费,zgjyjf,期间费用,借,否,否,否,否,,否,,否,否,,,支付其他与经营活动有关的现金,支付其他与经营活动有关的现金,启用,否,保留
5602015,研究费用,yjfy,期间费用,借,否,否,否,否,,否,,否,否,,,支付其他与经营活动有关的现金,支付其他与经营活动有关的现金,启用,否,保留
5602099,其他,qt,期间费用,借,否,否,否,否,,否,,否,否,,,支付其他与经营活动有关的现金,支付其他与经营活动有关的现金,启用,否,保留
5603,财务费用,cwfy,期间费用,借,否,否,否,否,,否,,否,否,,,支付其他与经营活动有关的现金,支付其他与经营活动有关的现金,启用,否,保留
5603001,汇兑损益,hdsy,期间费用,借,否,否,否,否,,否,,否,否,,,支付其他与经营活动有关的现金,支付其他与经营活动有关的现金,启用,否,保留
5603002,利息,lx,期间费用,借,否,否,否,否,,否,,否,否,,,偿还借款利息支付的现金,偿还借款利息支付的现金,启用,否,保留
5603003,手续费,sxf,期间费用,借,否,否,否,否,,否,,否,否,,,支付其他与经营活动有关的现金,支付其他与经营活动有关的现金,启用,否,保留
5603099,其他,qt,期间费用,借,否,否,否,否,,否,,否,否,,,支付其他与经营活动有关的现金,支付其他与经营活动有关的现金,启用,否,保留
5711,营业外支出,yywzc,其他损失,借,否,否,否,否,,否,,否,否,,,支付其他与经营活动有关的现金,支付其他与经营活动有关的现金,启用,否,保留
5711001,存货盘亏毁损,chpkhs,其他损失,借,否,否,否,否,,否,,否,否,,,支付其他与经营活动有关的现金,支付其他与经营活动有关的现金,启用,否,保留
5711002,非流动资产处置净损失,fldzcczjss,其他损失,借,否,否,否,否,,否,,否,否,,,支付其他与经营活动有关的现金,支付其他与经营活动有关的现金,启用,否,保留
5711003,坏账损失,hzss,其他损失,借,否,否,否,否,,否,,否,否,,,支付其他与经营活动有关的现金,支付其他与经营活动有关的现金,启用,否,保留
5711004,无法收回的长期债券投资损失,wfshdcqzqtzss,其他损失,借,否,否,否,否,,否,,否,否,,,支付其他与经营活动有关的现金,支付其他与经营活动有关的现金,启用,否,保留
5711005,无法收回的长期股权投资损失,wfshdcqgqtzss,其他损失,借,否,否,否,否,,否,,否,否,,,支付其他与经营活动有关的现金,支付其他与经营活动有关的现金,启用,否,保留
5711006,自然灾害等不可抗力造成的损失,zrzhdbkklzcdss,其他损失,借,否,否,否,否,,否,,否,否,,,支付其他与经营活动有关的现金,支付其他与经营活动有关的现金,启用,否,保留
5711007,税收滞纳金,ssznj,其他损失,借,否,否,否,否,,否,,否,否,,,支付其他与经营活动有关的现金,支付其他与经营活动有关的现金,启用,否,保留
5711008,罚金、罚款,fj、fk,其他损失,借,否,否,否,否,,否,,否,否,,,支付其他与经营活动有关的现金,支付其他与经营活动有关的现金,启用,否,保留
5711009,捐赠支出,jzzc,其他损失,借,否,否,否,否,,否,,否,否,,,支付其他与经营活动有关的现金,支付其他与经营活动有关的现金,启用,否,保留
5711010,其他,qt,其他损失,借,否,否,否,否,,否,,否,否,,,支付其他与经营活动有关的现金,支付其他与经营活动有关的现金,启用,否,保留
5801,所得税费用,sdsfy,所得税,借,否,否,否,否,,是,美元1,否,否,,,支付的税费,支付的税费,启用,否,保留
5802,主营业务成本,zyywcb,营业成本及税金,借,否,否,否,否,,否,,否,是,部门,必录,支付其他与经营活动有关的现金,收到其他与经营活动有关的现金,启用,否,剔除：与 5401 主营业务成本 重名的自建行
6000,以前年度损益调整,yqndsytz,以前年度损益调整,借,否,否,否,否,,否,,否,否,,,支付其他与经营活动有关的现金,支付其他与经营活动有关的现金,启用,否,保留
6000001,以前年度损益-成本,yqndsy-cb,以前年度损益调整,借,否,否,否,否,,否,,否,否,,,支付其他与经营活动有关的现金,支付其他与经营活动有关的现金,启用,否,保留
7777,现金1,xj1,流动资产,借,否,否,否,否,,否,,否,否,,,支付其他与经营活动有关的现金,收到其他与经营活动有关的现金,启用,否,剔除：沙箱测试行（名称非会计科目）
8888,应付账款1,yfzk1,流动资产,贷,否,否,否,否,,否,,否,是,供应商,非必录,支付其他与经营活动有关的现金,收到其他与经营活动有关的现金,启用,否,剔除：沙箱测试行（名称非会计科目）
