seq,段,编码,parent_code,科目名称,余额方向,account_type,cf_cash,reconcile,纳税人身份,来源,决议,备注
0,一级,1001,,库存现金,借,asset_cash,是,,通用,星辰ASSBE原件,保留,"CF判现金,type必须asset_cash"
1,一级,1002,,银行存款,借,asset_cash,是,,通用,星辰ASSBE原件,保留,"CF判现金,type必须asset_cash"
2,一级,1012,,其他货币资金,借,asset_cash,是,,通用,星辰ASSBE原件,保留,"CF判现金,type必须asset_cash"
3,一级,1101,,短期投资,借,asset_current,,,通用,星辰ASSBE原件,保留,
4,一级,1121,,应收票据,借,asset_current,,是,通用,星辰ASSBE原件,保留,
5,一级,1122,,应收账款,借,asset_current,,是,通用,星辰ASSBE原件,保留,
6,一级,1123,,预付账款,借,asset_current,,是,通用,星辰ASSBE原件,保留,
7,一级,1131,,应收股利,借,asset_current,,是,通用,星辰ASSBE原件,保留,
8,一级,1132,,应收利息,借,asset_current,,是,通用,星辰ASSBE原件,保留,
9,一级,1221,,其他应收款,借,asset_current,,是,通用,星辰ASSBE原件,保留,
10,一级,1401,,材料采购,借,asset_current,,,通用,星辰ASSBE原件,保留,
11,一级,1402,,在途物资,借,asset_current,,,通用,星辰ASSBE原件,保留,
12,一级,1403,,原材料,借,asset_current,,,通用,星辰ASSBE原件,保留,
13,一级,1404,,材料成本差异,借,asset_current,,,通用,星辰ASSBE原件,保留,
14,一级,1405,,库存商品,借,asset_current,,,通用,星辰ASSBE原件,保留,
15,一级,1406,,发出商品,借,asset_current,,,通用,星辰ASSBE原件,保留,
16,一级,1407,,商品进销差价,借,asset_current,,,通用,星辰ASSBE原件,保留,
17,一级,1408,,委托加工物资,借,asset_current,,,通用,星辰ASSBE原件,保留,
18,一级,1411,,周转材料,借,asset_current,,,通用,星辰ASSBE原件,保留,
19,一级,1421,,消耗性生物资产,借,asset_current,,,通用,星辰ASSBE原件,保留,
20,一级,1501,,长期债券投资,借,asset_non_current,,,通用,星辰ASSBE原件,保留,
21,一级,1511,,长期股权投资,借,asset_non_current,,,通用,星辰ASSBE原件,保留,
22,一级,1601,,固定资产,借,asset_non_current,,,通用,星辰ASSBE原件,保留,
23,一级,1602,,累计折旧,贷,asset_non_current,,,通用,星辰ASSBE原件,保留,"累计折旧/摊销,贷方,BS减项"
24,一级,1604,,在建工程,借,asset_non_current,,,通用,星辰ASSBE原件,保留,
25,一级,1605,,工程物资,借,asset_non_current,,,通用,星辰ASSBE原件,保留,
26,一级,1606,,固定资产清理,借,asset_non_current,,,通用,星辰ASSBE原件,保留,
27,一级,1621,,生产性生物资产,借,asset_non_current,,,通用,星辰ASSBE原件,保留,
28,一级,1622,,生产性生物资产累计折旧,贷,asset_non_current,,,通用,星辰ASSBE原件,保留,"累计折旧/摊销,贷方,BS减项"
29,一级,1701,,无形资产,借,asset_non_current,,,通用,星辰ASSBE原件,保留,
30,一级,1702,,累计摊销,贷,asset_non_current,,,通用,星辰ASSBE原件,保留,"累计折旧/摊销,贷方,BS减项"
31,一级,1801,,长期待摊费用,借,asset_non_current,,,通用,星辰ASSBE原件,保留,
32,一级,1901,,待处理财产损溢,借,asset_non_current,,,通用,星辰ASSBE原件,保留,
33,一级,2001,,短期借款,贷,liability_current,,,通用,星辰ASSBE原件,保留,
34,一级,2201,,应付票据,贷,liability_current,,是,通用,星辰ASSBE原件,保留,
35,一级,2202,,应付账款,贷,liability_current,,是,通用,星辰ASSBE原件,保留,
36,一级,2203,,预收账款,贷,liability_current,,是,通用,星辰ASSBE原件,保留,
37,一级,2211,,应付职工薪酬,贷,liability_current,,,通用,星辰ASSBE原件,保留,
38,一级,2221,,应交税费,贷,liability_current,,,通用,星辰ASSBE原件,保留,
39,一级,2231,,应付利息,贷,liability_current,,是,通用,星辰ASSBE原件,保留,
40,一级,2232,,应付利润,贷,liability_current,,是,通用,星辰ASSBE原件,保留,
41,一级,2241,,其他应付款,贷,liability_current,,是,通用,星辰ASSBE原件,保留,
42,一级,2401,,递延收益,贷,liability_current,,,通用,星辰ASSBE原件,保留,
43,一级,2501,,长期借款,贷,liability_non_current,,,通用,星辰ASSBE原件,保留,
44,一级,2701,,长期应付款,贷,liability_non_current,,,通用,星辰ASSBE原件,保留,
45,一级,3001,,实收资本,贷,equity,,,通用,星辰ASSBE原件,保留,
46,一级,3002,,资本公积,贷,equity,,,通用,星辰ASSBE原件,保留,
47,一级,3101,,盈余公积,贷,equity,,,通用,星辰ASSBE原件,保留,
48,一级,3103,,本年利润,贷,equity,,,通用,星辰ASSBE原件,保留,
49,一级,3104,,利润分配,贷,equity,,,通用,星辰ASSBE原件,保留,
50,一级,4001,,生产成本,借,expense_direct_cost,,,通用,星辰ASSBE原件,保留,"生产成本;T0证实我方报表按编码不看type,建成expense_direct_cost即可"
51,一级,4101,,制造费用,借,expense_direct_cost,,,通用,星辰ASSBE原件,保留,
52,一级,4301,,研发支出,借,expense_direct_cost,,,通用,星辰ASSBE原件,保留,
53,一级,4401,,工程施工,借,expense_direct_cost,,,通用,星辰ASSBE原件,保留,
54,一级,4403,,机械作业,借,expense_direct_cost,,,通用,星辰ASSBE原件,保留,
55,一级,5001,,主营业务收入,贷,income,,,通用,星辰ASSBE原件,保留,
56,一级,5051,,其他业务收入,贷,income_other,,,通用,星辰ASSBE原件,保留,
57,一级,5111,,投资收益,贷,income_other,,,通用,星辰ASSBE原件,保留,
58,一级,5301,,营业外收入,贷,income_other,,,通用,星辰ASSBE原件,保留,
59,一级,5401,,主营业务成本,借,expense_direct_cost,,,通用,星辰ASSBE原件,保留,
60,一级,5402,,其他业务成本,借,expense,,,通用,星辰ASSBE原件,保留,
61,一级,5403,,税金及附加,借,expense_direct_cost,,,通用,星辰ASSBE原件,保留,
62,一级,5601,,销售费用,借,expense,,,通用,星辰ASSBE原件,保留,
63,一级,5602,,管理费用,借,expense,,,通用,星辰ASSBE原件,保留,
64,一级,5603,,财务费用,借,expense,,,通用,星辰ASSBE原件,保留,
65,一级,5711,,营业外支出,借,expense,,,通用,星辰ASSBE原件,保留,
66,一级,5801,,所得税费用,借,expense,,,通用,星辰ASSBE原件,保留,
67,一级,6000,,以前年度损益调整,借,equity,,,通用,星辰ASSBE原件,保留,
68,二级,2221001,2221,应交增值税,贷,liability_current,,,一般,星辰ASSBE原件,保留,
69,三级,2221001001,2221001,进项税额,借,liability_current,,,一般,星辰ASSBE原件,保留,
70,三级,2221001002,2221001,销项税额的抵减,借,liability_current,,,一般,星辰ASSBE原件,保留,
71,三级,2221001003,2221001,已交税金,借,liability_current,,,一般,星辰ASSBE原件,保留,
72,三级,2221001004,2221001,转出未交增值税,借,liability_current,,,一般,星辰ASSBE原件,保留,
73,三级,2221001005,2221001,减免税款,借,liability_current,,,一般,星辰ASSBE原件,保留,
74,三级,2221001006,2221001,出口抵减内销产品应纳税额,借,liability_current,,,一般,星辰ASSBE原件,保留,
75,三级,2221001007,2221001,销项税额,贷,liability_current,,,一般,星辰ASSBE原件,保留,
76,三级,2221001008,2221001,出口退税,贷,liability_current,,,一般,星辰ASSBE原件,保留,
77,三级,2221001009,2221001,进项税额转出,贷,liability_current,,,一般,星辰ASSBE原件,保留,
78,三级,2221001010,2221001,转出多交增值税,贷,liability_current,,,一般,星辰ASSBE原件,保留,
79,二级,2221002,2221,未交增值税,贷,liability_current,,,通用,星辰ASSBE原件,保留,
80,二级,2221003,2221,预交增值税,借,liability_current,,,通用,星辰ASSBE原件,保留,
81,二级,2221004,2221,待抵扣进项税额,借,liability_current,,,通用,星辰ASSBE原件,保留,
82,二级,2221005,2221,待认证进项税额,借,liability_current,,,通用,星辰ASSBE原件,保留,
83,二级,2221006,2221,待转销项税额,贷,liability_current,,,通用,星辰ASSBE原件,保留,
84,二级,2221007,2221,增值税留抵税额,借,liability_current,,,通用,星辰ASSBE原件,保留,
85,二级,2221008,2221,简易计税,贷,liability_current,,,通用,星辰ASSBE原件,保留,
86,二级,2221009,2221,转让金融商品应交增值税,贷,liability_current,,,通用,星辰ASSBE原件,保留,
87,二级,2221010,2221,增值税,贷,liability_current,,,小规模,星辰ASSBE原件,保留,"原名""代扣代交增值税"";二姐改名为""增值税"",供小规模纳税人使用(无境外业务时代扣代交场景不存在)"
88,二级,2221011,2221,应交所得税,贷,liability_current,,,通用,星辰ASSBE原件,保留,
89,二级,2221012,2221,应交个人所得税,贷,liability_current,,,通用,星辰ASSBE原件,保留,
90,二级,2221013,2221,教育费附加,贷,liability_current,,,通用,星辰ASSBE原件,保留,
91,二级,2221014,2221,地方教育费附加,贷,liability_current,,,通用,星辰ASSBE原件,保留,
92,二级,2221015,2221,应交资源税,贷,liability_current,,,通用,星辰ASSBE原件,保留,
93,二级,2221016,2221,应交土地增值税,贷,liability_current,,,通用,星辰ASSBE原件,保留,
94,二级,2221017,2221,应交城市维护建设税,贷,liability_current,,,通用,星辰ASSBE原件,保留,
95,二级,2221018,2221,应交房产税,贷,liability_current,,,通用,星辰ASSBE原件,保留,
96,二级,2221019,2221,应交土地使用税,贷,liability_current,,,通用,星辰ASSBE原件,保留,
97,二级,2221020,2221,应交车船使用税,贷,liability_current,,,通用,星辰ASSBE原件,保留,
98,二级,2221021,2221,应交消费税,贷,liability_current,,,通用,星辰ASSBE原件,保留,
99,二级,2221022,2221,应交印花税,贷,liability_current,,,通用,二姐建议新增,保留,二姐建议新增;内资普遍适用
100,二级,2221023,2221,应交关税,贷,liability_current,,,通用,二姐建议新增,不预置,"二姐建议新增;无境外业务不需要,需要的企业自行增加"
